{"intents": [
    {"tag": "greeting",
     "patterns": ["Bonjour", "Salut", "Hey", "Yo", "Coucou"],
     "responses": ["Bonjour, comment allez-vous ?", "Salut !", "Hello"]
    },
    {"tag": "goodbye",
     "patterns": ["Bye", "See you later", "Goodbye"],
     "responses": ["See you later", "Have a nice day", "Bye! Come back again"]
    },
    {"tag": "thanks",
     "patterns": ["Thanks", "Thank you", "That's helpful", "Thanks for the help"],
     "responses": ["Happy to help!", "Any time!", "My pleasure", "You're most welcome!"]
    },
    {"tag": "about",
     "patterns": ["Who are you?", "What are you?", "Who you are?" ],
     "responses": ["I.m Bob, your bot assistant", "I'm Bob, an Artificial Intelligent bot"]
    },
    {"tag": "help",
    "patterns": ["Could you help me?", "give me a hand please", "Can you help?", "What can you do for me?", "I need a support", "I need a help", "support me please"],
    "responses": ["Tell me how can assist you", "Tell me your problem to assist you", "Yes Sure, How can I support you"]
    },
    {
    "patterns": ["What is Bitcoin?", "Define Bitcoin", "Explain Bitcoin"],
    "responses": ["Bitcoin is a decentralized digital currency that enables peer-to-peer transactions without the need for intermediaries. It was created in 2009 by an unknown person or group using the pseudonym Satoshi Nakamoto.", "Bitcoin is a cryptocurrency that operates on a decentralized network, allowing for secure and transparent transfer of funds without the need for intermediaries. It is the first and largest cryptocurrency by market capitalization.", "Bitcoin is a digital currency that uses cryptography for security and operates on a decentralized network, offering a secure and transparent alternative to traditional currencies and financial systems."]
    ,"tag": "Definition of Bitcoin"
    },

    {
    "patterns": ["What is Ethereum?", "Define Ethereum", "Explain Ethereum"],
    "responses": ["Ethereum is a decentralized, open-source blockchain platform that enables the creation of smart contracts and decentralized applications (dapps). It was launched in 2015 and its cryptocurrency is called Ether (ETH).", "Ethereum is a blockchain platform that allows developers to build decentralized applications and smart contracts. It has its own cryptocurrency called Ether (ETH) and operates on a decentralized network.", "Ethereum is a decentralized blockchain platform that provides the infrastructure for creating and running smart contracts and decentralized applications. Its cryptocurrency, Ether (ETH), is used to pay for transactions and computational services on the network."]
    ,"tag": "Definition of Ethereum"
    },

    {
    "patterns": ["What is the difference between Bitcoin and Ethereum?", "How does Ethereum differ from Bitcoin?", "Compare Bitcoin and Ethereum"],
    "responses": ["The main difference between Bitcoin and Ethereum is their purpose and capabilities. Bitcoin was created as a decentralized digital currency, while Ethereum was developed as a blockchain platform for decentralized applications and smart contracts. Ethereum has a more flexible and powerful underlying technology compared to Bitcoin.", "While both Bitcoin and Ethereum are decentralized blockchain networks, Ethereum has a more versatile platform, allowing for the creation of smart contracts and decentralized applications. Bitcoin is mainly used as a digital currency, while Ethereum provides a platform for decentralized applications.", "Bitcoin and Ethereum are both decentralized blockchain networks, but they have different objectives. Bitcoin was created as a digital currency, while Ethereum was developed as a platform for building decentralized applications and smart contracts. Ethereum has a more advanced and flexible technology compared to Bitcoin."]
    ,"tag": "Differences between Bitcoin and Ethereum"
    },

    {
    "patterns": ["What is a cryptocurrency?", "Define cryptocurrency", "Explain cryptocurrency"],
    "tag": "Definition of cryptocurrency",
    "responses": ["A cryptocurrency is a digital or virtual currency that uses cryptography for security and operates on a decentralized network. It enables secure and transparent transfer of funds without the need for intermediaries.", "Cryptocurrency is a decentralized digital currency that operates on a secure, transparent and tamper-proof network. It uses cryptography to secure and validate transactions, allowing for peer-to-peer transactions without intermediaries.", "Cryptocurrency is a form of digital currency that operates on a decentralized network using cryptography to secure and validate transactions. It offers a secure and transparent alternative to traditional currencies and financial systems."]
    },

    {
    "patterns": ["What is a smart contract?", "Define smart contract", "Explain smart contract"],
    "tag": "Definition of smart contract",
    "responses": ["A smart contract is a self-executing agreement with the terms of the contract directly written into code. It operates on a decentralized blockchain network and executes automatically when certain conditions are met, without the need for intermediaries.", "Smart contract is a programmable computer protocol that executes the terms of a contract automatically on a decentralized blockchain network. It provides a secure, transparent and tamper-proof way to enforce"]}

    , {
    "patterns": ["What is Blockchain technology?", "Define Blockchain", "Explain Blockchain"],
    "tag": "Definition of Blockchain",
    "responses": ["Blockchain is a decentralized digital ledger that records transactions across a network of computers in a secure and transparent way.", "Blockchain is a type of database that maintains a continuously growing list of records, called blocks, which are linked and secured using cryptography.", "Blockchain is a distributed ledger technology that enables secure, transparent and tamper-proof record-keeping of transactions."]
    },
    
    {
    "patterns": ["How does Blockchain work?", "How is Blockchain implemented?", "What is the working principle of Blockchain?"],
    "tag": "Blockchain working",
    "responses": ["Blockchain works on a decentralized network of computers where transactions are verified and added to the chain by network participants called 'nodes'. Each block contains a unique code called a 'hash' and the hash of the previous block, forming a secure chain. Once a block is added to the chain, its data is permanent, transparent and cannot be altered.", "Blockchain implementation involves using cryptography to secure and validate transactions, which are grouped into blocks and added to the chain in a linear, chronological order. The decentralized network consensus mechanism ensures the validity of the transactions.", "The working principle of Blockchain is based on a decentralized network of computers that validate transactions, adding them to the chain after reaching consensus. The chain is secured through cryptography and once a block is added, its data is immutable."]
    },
    
    {
    "patterns": ["What are the benefits of using Blockchain?", "Why use Blockchain?", "What makes Blockchain valuable?"],
    "tag": "Blockchain Benefits",
    "responses": ["The benefits of using Blockchain include increased security and transparency, reduced cost and improved efficiency, decentralization and immutability of data. It also enables new opportunities for innovation and development.", "Blockchain provides secure and transparent record-keeping, eliminates intermediaries, reduces the risk of fraud and enhances efficiency. It is a tamper-proof ledger that can be used for a variety of applications beyond just financial transactions.", "The value of Blockchain lies in its ability to create a permanent, secure and transparent record of transactions without the need for intermediaries. Its decentralized architecture provides increased security and reduces the risk of fraud, while its immutability ensures data integrity."]
    },
    
    {
    "patterns": ["What is a Blockchain network?", "What is a Blockchain network composed of?", "How is a Blockchain network structured?"],
    "tag": "Network of a Blockchain",
    "responses": ["A Blockchain network is a decentralized system of computers that work together to validate and record transactions in blocks, forming a chain. The network participants, called 'nodes', have a copy of the ledger and use consensus algorithms to validate transactions.", "A Blockchain network is composed of multiple nodes that maintain a copy of the ledger, validate transactions and add them to the chain. The network operates on a consensus mechanism, ensuring that all nodes have the same version of the ledger.", "A Blockchain network is structured as a decentralized system where multiple nodes work together to validate transactions, maintain a copy of the ledger and add blocks to the chain. The consensus mechanism ensures the integrity of the network, and all nodes have access to the same version of the ledger."]
    },
    
    {
    "patterns": ["What is a block in Blockchain?", "Define a block in Blockchain", "What does a block contain in Blockchain?"],
    "tag": "Blocks in Blockchain",
    "responses": ["A block in Blockchain is a unit of data that contains a number of transactions and a unique code called a 'hash'. The blocks are linked together chronologically, forming a chain, with each block referring to the previous block"]},
    {
    "patterns": ["What is Ripple?", "Define Ripple", "Explain Ripple"],
    "responses": ["Ripple is a real-time gross settlement system, currency exchange and remittance network created by Ripple Labs Inc., a US-based technology company. Ripple is built upon a distributed open source protocol, and supports tokens representing fiat currency, cryptocurrency, commodities, or other units of value such as frequent flier miles or mobile minutes.", "Ripple is a decentralized cryptocurrency and digital payment protocol that enables fast and secure cross-border transactions. It was created to provide a more efficient alternative to traditional financial services.", "Ripple is a blockchain-based digital payment protocol that enables fast and secure cross-border transactions. Its cryptocurrency, XRP, is used to facilitate cross-currency transactions and to provide liquidity to financial institutions."]
    ,"tag": "Ripple"
    },
    
    {
    "patterns": ["What is Litecoin?", "Define Litecoin", "Explain Litecoin"],
    "responses": ["Litecoin is a peer-to-peer cryptocurrency and open source software project released under the MIT/X11 license. Created by Charlie Lee, a former Google engineer, Litecoin is based on the Bitcoin protocol but with several key differences, including a faster block generation time and the use of a different proof-of-work algorithm.", "Litecoin is a decentralized cryptocurrency that was created as a lighter and faster alternative to Bitcoin. It operates on an open-source network and its transactions are verified through a process called mining.", "Litecoin is a decentralized cryptocurrency that uses a different proof-of-work algorithm than Bitcoin. It aims to offer faster transaction times and lower fees than its predecessor, making it a popular choice for everyday purchases."]
    ,"tag": "Litecoin"
    },
    {
    "patterns": ["What is Polkadot?","Tell me about Polkadot"],
    "responses": ["Polkadot is a multi-chain platform that enables interoperability between different blockchain networks. It aims to provide a more secure and scalable infrastructure for decentralized applications and enable the creation of custom blockchains with unique properties.", "Polkadot is a next-generation blockchain platform designed to enable interoperability between different blockchains, allowing for the creation of cross-chain applications and services. It aims to make it easier for developers to build decentralized applications that can take advantage of the best features of each blockchain network."],
    "tag": "Polkadot"
    },
    {
    "patterns": ["What is Chainlink?","Tell me about Chainlink"],
    "responses": ["Chainlink is a decentralized oracle network that connects smart contracts with real-world data. It enables smart contracts to access external data, APIs, and payment systems, providing more functionality and reliability than traditional smart contracts. Chainlink operates on a network of nodes that provide data to the smart contracts and are incentivized for doing so.", "Chainlink is a blockchain-based middleware that connects smart contracts with data from the real world. It enables smart contracts to securely access off-chain data, APIs and other resources, making them more versatile and trustworthy. Chainlink nodes provide the data to the smart contracts and are rewarded for their work."],
    "tag": "Chainlink"
    },
    {
    "patterns": ["What is Binance Coin (BNB)?","What is the use of Binance Coin?"],
    "responses": ["Binance Coin (BNB) is the native cryptocurrency of the Binance platform, a leading cryptocurrency exchange. BNB is used to pay trading fees on the platform, and users can receive discounts for using BNB to pay their fees. Binance Coin can also be used for other purposes, such as participating in token sales on the Binance Launchpad platform and investing in Binance's decentralized exchanges.", "Binance Coin (BNB) is the cryptocurrency of Binance, one of the largest cryptocurrency exchanges in the world. BNB holders can use it to pay lower trading fees on the platform, and it can also be used for other services offered by Binance such as ICOs through Binance Launchpad or for trading on decentralized exchanges. Additionally, Binance uses 20% of its quarterly profits to buy back and burn BNB, potentially increasing the token's value."],
    "tag": "Binance Coin"
    },
    {
    "patterns": ["What is Cardano?","Explain Cardano"],
    "responses": ["Cardano is a decentralized platform that runs the blockchain-based cryptocurrency, Ada. Cardano is built on a proof-of-stake consensus algorithm and aims to provide a more secure and sustainable infrastructure for decentralized applications. Cardano also focuses on the issue of scalability and aims to offer high-performance smart contract functionality. The platform is being developed by the IOHK research and development team.", "Cardano is an open-source blockchain platform that was created to provide a more secure and sustainable infrastructure for decentralized applications. It uses a proof-of-stake consensus algorithm and is designed to be scalable for high-performance smart contract functionality. Cardano also aims to address the problems of scalability, interoperability, and sustainability in blockchain technology, and its development is led by the IOHK team."],
    "tag": "Cardano"
    },
    
    {
    "patterns": ["What is Dogecoin?", "Define Dogecoin", "Explain Dogecoin"],
    "responses": ["Dogecoin is a decentralized, peer-to-peer digital currency that was created as a satire of the hype surrounding cryptocurrencies in 2013. Despite its humble beginnings, Dogecoin has since grown into a widely used cryptocurrency, with a strong community of supporters and a reputation for being used for charitable causes.", "Dogecoin is a decentralized cryptocurrency that was created as a joke in 2013. Despite its origins, it has since gained a dedicated following and is widely used, with a reputation for being used for charitable causes.", "Dogecoin is a decentralized cryptocurrency that was created as a satire of the hype surrounding cryptocurrencies in 2013. Despite its humble beginnings, it has since gained a dedicated following and is widely used, with a reputation for supporting charitable causes."]
    ,"tag": "Dogecoin"
    },
    
    {
    "patterns": ["What is Uniswap?", "Define Uniswap", "Explain Uniswap"],
    "responses": ["Uniswap is a decentralized cryptocurrency exchange built on the Ethereum blockchain. It uses an automated market maker (AMM) model, which allows for the seamless exchange of cryptocurrencies without the need for an order book. This results in faster and more efficient trades, without the need for intermediaries.", "Uniswap is a decentralized exchange that operates on the Ethereum blockchain. It uses an automated market maker (AMM) model, which allows for fast and efficient trades without intermediaries. This results in a seamless exchange experience for users.", "Uniswap is a decentralized exchange built on the Ethereum blockchain. It uses an automated market maker (AMM) model, which allows for fast"],
    "tag": "Uniswap"},
    {
    "patterns": ["What is proof of stake (PoS)?", "Define proof of stake (PoS)"],
    "tag": "Definition of proof of stake (PoS)",
    "responses": [
    "Proof of Stake (PoS) is a consensus algorithm in blockchain technology where validators are selected to validate transactions and create new blocks based on the number of coins they hold and are willing to “stake” as collateral.",
    "PoS is a type of consensus mechanism used in blockchain technology where block validation is done by choosing a validator who holds a certain number of coins and is willing to stake them as collateral."
    ]
    },
    
    {
    "patterns": ["What is mining in a blockchain?", "Define mining in a blockchain"],
    "tag": "Definition of mining in a blockchain",
    "responses": [
    "Mining in a blockchain is the process of creating new blocks through solving complex mathematical problems, verifying transactions and adding them to the existing blockchain network.",
    "Blockchain mining is the process of validating transactions, solving complex mathematical problems, and adding new blocks to the existing blockchain network by a miner in exchange for rewards."
    ]
    },
    
    {
    "patterns": ["What is a DApp?", "Define DApp"],
    "tag": "Definition of DApp",
    "responses": [
    "A DApp is a decentralized application that runs on a decentralized network, using smart contracts to interact with its users.",
    "A decentralized application (DApp) is a type of software application that runs on a blockchain network, using smart contracts to interact with its users. It operates on a peer-to-peer network, with no central authority or intermediaries involved."
    ]
    },
    
    {
    "patterns": ["What is a crypto wallet?", "Define crypto wallet"],
    "tag": "Definition of crypto wallet",
    "responses": [
    "A crypto wallet is a software program that stores private and public keys and interacts with various blockchain to allow users to send and receive digital currency and monitor their balance.",
    "A cryptocurrency wallet is a secure digital wallet used to store, send, and receive digital currencies. It contains private and public keys that interact with various blockchains and allow users to manage their digital assets."
    ]
    },
    
    {
    "patterns": ["What is a token in a blockchain?", "Define token in a blockchain"],
    "tag": "Definition of token in a blockchain",
    "responses": [
    "A token in a blockchain is a representation of an asset or utility that is built on top of a blockchain platform. Tokens can be used to represent various assets, such as property or stocks, or to access a specific application or service within a blockchain network.",
    "A blockchain token is a digital asset that represents a specific asset or utility and is built on a blockchain platform. Tokens can be used as a representation of assets such as stocks or property, or to access specific services or applications within a blockchain network."
    ]
    },
    {
    "patterns": ["What is a decentralized blockchain?", "Define decentralized blockchain"],
    "responses": ["A decentralized blockchain is a network where no single entity has control over the network, transactions are verified and recorded by nodes in the network rather than a central authority.", "A decentralized blockchain is a distributed ledger where the consensus is achieved through the consensus of nodes in the network rather than a single central entity."],
    "tag": "Definition of decentralized blockchain"
    },
    
    {
    "patterns": ["What is a centralized blockchain?", "Define centralized blockchain"],
    "responses": ["A centralized blockchain is a network where a single entity or organization has control over the network and its transactions, it acts as the central authority for verifying and recording transactions.", "A centralized blockchain is a single-point-of-failure system where all transactions must pass through a central entity for verification and recording."],
    "tag": "Definition of centralized blockchain"
    },
    
    {
    "patterns": ["What is a node in a blockchain?", "Define node in a blockchain"],
    "responses": ["A node in a blockchain is a participant in the network that has a copy of the blockchain and is responsible for verifying and relaying transactions to other nodes in the network.", "A node in a blockchain is a device or computer that stores a copy of the ledger, participates in consensus, and helps to maintain the integrity of the network."],
    "tag": "Definition of node in a blockchain"
    },
    
    {
    "patterns": ["What is a block in a blockchain?", "Define block in a blockchain"],
    "responses": ["A block in a blockchain is a unit of data that contains information about transactions on the network, it has a maximum capacity and once filled, a new block is added to the blockchain.", "A block in a blockchain is a collection of transactions that are verified, recorded, and linked together in a sequential chain forming the backbone of the blockchain technology."],
    "tag": "Definition of block in a blockchain"
    },
    
    {
    "patterns": ["What is a hash in a blockchain?", "Define hash in a blockchain"],
    "responses": ["A hash in a blockchain is a unique digital fingerprint that is generated for each block in the blockchain, it acts as an identifier for each block and is used to link blocks together.", "A hash in a blockchain is a one-way mathematical function that transforms data into a fixed-sized output, it is used to secure the blocks in the blockchain by creating a unique signature for each block."],
    "tag": "Definition of hash in a blockchain"
    },
    
    {
    "patterns": ["What is a consensus algorithm?", "Define consensus algorithm"],
    "responses": ["A consensus algorithm is a mathematical procedure used to achieve agreement among nodes in a blockchain network on the state of the ledger.", "A consensus algorithm is the process by which all nodes in a blockchain network agree on the state of the network and validate transactions, it ensures the integrity and security of the network."],
    "tag": "Definition of consensus algorithm"
    },
    
    {
    "patterns": ["What is proof of work (PoW)?", "Define proof of work (PoW)"],
    "responses": ["Proof of work (PoW) is a consensus algorithm that requires nodes to perform a certain amount of computational work to validate transactions and add blocks to the blockchain.", "Proof of work (PoW) is a system in which nodes compete to solve complex mathematical problems in order to validate transactions and earn"],
    "tag": "Definition of proof of work (PoW)"},
    {
    "patterns": ["What is a hard fork?", "Explain hard fork"],
    "tag": "Definition and explanation of hard fork",
    "responses": [
    "A hard fork is a change to the blockchain's protocol that makes previously invalid blocks/transactions valid (or vice-versa), and requires all nodes or users to upgrade to the new version of the protocol software. This typically creates a permanent split in the blockchain, hence the term 'fork.'",
    "In simpler terms, a hard fork is a radical change to a blockchain's underlying code that creates two separate and incompatible versions of the software. The split is not backward-compatible and requires all participants to upgrade their software."
    ]
    },
    
    {
    "patterns": ["What is a soft fork?", "Explain soft fork"],
    "tag": "Definition and explanation of soft fork",
    "responses": [
    "A soft fork is a backwards-compatible protocol change where only previously valid blocks/transactions are made invalid. This type of change does not split the blockchain into two separate chains, as it is still considered valid by the older version of the software.",
    "A soft fork is a change to the blockchain's protocol that aims to tighten the rules, rather than fundamentally changing the way the network functions. Unlike a hard fork, a soft fork is compatible with older versions of the software, and does not result in a split of the blockchain."
    ]
    },
    
    {
    "patterns": ["What is a public blockchain?", "Define public blockchain"],
    "tag": "Definition of public blockchain",
    "responses": [
    "A public blockchain is a decentralized and distributed ledger technology that allows anyone with an Internet connection to participate in the network, validate transactions, and create new blocks. Public blockchains are transparent and open to all, with no restrictions on who can participate.",
    "A public blockchain is a type of blockchain network where anyone can join and participate in the consensus process, validate transactions, and add blocks to the blockchain. This type of blockchain is open-source and decentralized, making it transparent and accessible to everyone."
    ]
    },
    
    {
    "patterns": ["What is a private blockchain?", "Define private blockchain"],
    "tag": "Definition of private blockchain",
    "responses": [
    "A private blockchain is a type of blockchain that restricts access to the network, allowing only approved participants to validate transactions and create new blocks. Private blockchains are typically permissioned and centralized, with a higher degree of control over who can participate in the network.",
    "A private blockchain is a decentralized and distributed ledger technology that is not open to the public, and only allows pre-selected participants to validate transactions and create new blocks. This type of blockchain is often used for enterprise or consortium purposes, where privacy and control are prioritized over decentralization."
    ]
    },
    
    {
    "patterns": ["What is a consortium blockchain?", "Define consortium blockchain"],
    "tag": "Definition of consortium blockchain",
    "responses": [
    "A consortium blockchain is a type of blockchain that is jointly governed and managed by a group of organizations, rather than being fully decentralized and open to the public. Consortium blockchains prioritize control and privacy over decentralization, allowing only a select group of organizations to validate transactions and create new blocks.",
    "A consortium blockchain is a hybrid blockchain that combines the benefits of"]},

    {
    "tag": "blockchain definition",
    "patterns": ["What is blockchain?", "Explain blockchain to me", "Can you define blockchain?"],
    "responses": ["Blockchain is a decentralized, digital ledger that records transactions across a network of computers in a secure and transparent manner. Each block in the chain contains a cryptographic hash of the previous block, transaction data, and a timestamp, forming a chain of blocks that cannot be altered.", "Blockchain is a distributed database that records transactions across many computers in a secure and transparent way. It eliminates the need for a central authority and ensures the integrity of transactions.", "A blockchain is a decentralized, digital ledger that records transactions across a network of computers. It provides a secure and transparent way of tracking and verifying transactions without the need for a central authority."]
    },
    
    {
    "tag": "blockchain use cases",
    "patterns": ["What is blockchain used for?", "What are some use cases for blockchain?", "How is blockchain being used?"],
    "responses": ["Blockchain technology has a wide range of use cases, including supply chain management, digital identity verification, remittances, voting systems, and more. It is also used in various industries such as finance, healthcare, real estate, and more to increase transparency, security, and efficiency.", "Blockchain is used in many areas to provide secure and transparent record-keeping. Some of its use cases include digital payments, smart contracts, decentralized applications, and more. It is also being explored for use in voting systems, identity verification, and more.", "There are many potential uses for blockchain technology, including secure digital payments, supply chain management, voting systems, and more. It is being used to increase transparency and security in a variety of industries, including finance, healthcare, and real estate."]
    },
    
    {
    "tag": "blockchain advantages",
    "patterns": ["What are the benefits of blockchain?", "Why use blockchain?", "What makes blockchain better?"],
    "responses": ["Blockchain offers many advantages, including increased security, transparency, and immutability of data. It eliminates the need for intermediaries, reducing the risk of fraud and increasing efficiency. It also provides a decentralized platform for secure digital transactions and record-keeping.", "The benefits of blockchain technology include increased security, transparency, and efficiency. It provides a decentralized platform for secure digital transactions and eliminates the need for intermediaries, reducing the risk of fraud. It also offers immutability of data, ensuring the integrity of records.", "Blockchain technology offers improved security, transparency, and immutability of data. It eliminates the need for intermediaries, reducing the risk of fraud and increasing efficiency. It provides a decentralized platform for secure digital transactions and ensures the integrity of records."]
    },
    
    {
    "tag": "public vs private blockchain",
    "patterns": ["What is the difference between public and private blockchain?", "What is a public blockchain?", "What is a private blockchain?"],
    "responses": ["A public blockchain is open to anyone and is decentralized, while a private blockchain is restricted to a specific group of participants and is usually centralized. Public blockchains, like Bitcoin and Ethereum, allow for more transparency and security, while private blockchains, like those used in finance and healthcare, offer more privacy and control.", "Public blockchains, like Bitcoin, are open to anyone and are decentralized. Private blockchains, like those used in finance, are restricted to a specific"]},
    {
    "tag": "name",
    "patterns": ["What's your name?", "What should I call you?", "Who are you?"],
    "responses": ["I'm Bob, a language model for Blockchain questions.", "You can call me Bob.", "I am an AI language model for Blockchain purpose, Bob."]
    },
    
    {
    "tag": "time",
    "patterns": ["What's the time?", "Tell me the time", "Can you give me the time?"],
    "responses": ["Sorry, I don't have the ability to check the time as I am a language model.", "The time is something I cannot provide, I apologize.", "I don't have access to the current time, sorry."]
    },
    
    {
    "tag": "purpose",
    "patterns": ["What do you do?", "What's your purpose?", "Why were you created?"],
    "responses": ["I am a language model created by Alexis Cerio to answer basic Blockchain questions.", "I was created to assist user by providing information about Blockchain technology."]
    },

    
    {
    "tag": "creation",
    "patterns": ["Who created you?", "What company created you?", "Where were you made?"],
    "responses": ["I have been created by Alexis Cerio for a school project in Machine Learning."]
    },
    {
    "tag": "consensus_algorithms",
    "patterns": ["What are the different consensus algorithms used in blockchain?", "What is the most commonly used consensus algorithm in blockchain?", "What is the difference between proof-of-work and proof-of-stake?"],
    "responses": ["There are several consensus algorithms used in blockchain technology, including proof-of-work (PoW), proof-of-stake (PoS), delegated proof-of-stake (DPoS), and others. PoW is the most commonly used consensus algorithm and is used by cryptocurrencies such as Bitcoin. PoS and DPoS are alternatives to PoW that are more energy-efficient and environmentally friendly. In PoS, the validation of transactions is done by randomly selecting a validator based on their stake in the network, while in DPoS, a group of selected validators validate transactions."]
    },
    {
    "tag": "smart_contracts",
    "patterns": ["What are smart contracts?", "How do smart contracts work?", "What is the difference between a smart contract and a traditional contract?"],
    "responses": ["Smart contracts are self-executing contracts with the terms of the agreement between buyer and seller being directly written into lines of code. They are stored and replicated on the blockchain network, making them secure and transparent. Once conditions are met, the contract automatically executes itself. The difference between a smart contract and a traditional contract is that a smart contract is self-executing, while a traditional contract requires a third party to enforce the terms of the agreement."]
    },
    {
    "tag": "blockchain_scalability",
    "patterns": ["What is blockchain scalability?", "What are the challenges with scalability in blockchain?", "How can scalability be improved in blockchain?"],
    "responses": ["Blockchain scalability refers to the ability of a blockchain network to handle increasing amounts of transactions and data efficiently. Scalability challenges in blockchain include slow transaction processing times, limited network capacity, and high energy consumption. Scalability can be improved through solutions such as sharding, off-chain transactions, and implementing efficient consensus algorithms."]
    },
    {
    "tag": "blockchain_security",
    "patterns": ["What makes blockchain secure?", "What are the security concerns in blockchain?", "How can blockchain security be improved?"],
    "responses": ["Blockchain security is based on the use of cryptography, which makes it difficult for malicious actors to alter the information stored on the network. The decentralized nature of blockchain also adds to its security, as it eliminates the need for a central point of control. Some of the security concerns in blockchain include the risk of 51% attacks, smart contract vulnerabilities, and security of private keys. Improving blockchain security can be achieved through better coding practices, more secure storage of private keys, and the use of secure consensus algorithms."]
    },
    {
    "tag": "blockchain_mining",
    "patterns": ["What is blockchain mining?", "How does blockchain mining work?", "What is the purpose of blockchain mining?"],
    "responses": ["Blockchain mining is the process by which new transactions are verified and added to the blockchain network. Miners use specialized computer hardware to solve complex mathematical problems and validate transactions in exchange for a reward. The purpose of blockchain mining is to maintain the integrity and security of the blockchain network, by ensuring that all transactions are valid and that the same information is stored on all nodes in the network."]
    },
    {
    "tag": "blockchain_uses",
    "patterns": ["What are some real-world uses of blockchain?", "How is blockchain being used in different industries?", "Can blockchain be used in [industry]?"],
    "responses": ["Blockchain technology has a wide range of real-world uses, including digital currencies, supply chain management, voting systems, and more. Blockchain is being used in various industries such as finance, healthcare, real estate, and logistics. Whether blockchain can be used in a specific industry depends on the industry's requirements, such as the need for transparency, security, and decentralization, but the technology is versatile and has potential applications in many industries."]
    },
    {
    "tag": "blockchain_vs_database",
    "patterns": ["What is the difference between a blockchain and a database?", "Why use blockchain instead of a database?", "When to use blockchain and when to use a database?"],
    "responses": ["A blockchain is a decentralized and distributed ledger, while a database is a centralized repository of information. Blockchains are more secure and transparent than traditional databases, as there is no central point of control and all participants in the network have a copy of the information stored on it. Blockchains are ideal for applications that require a high degree of trust, such as digital currencies and supply chain management, while databases are more suited for applications that do not require trust between parties, such as online shopping websites."]
    },
    {
    "tag": "MEV",
    "patterns": ["What is MEV in blockchain?", "Can you explain MEV?", "What are the implications of MEV in blockchain?"],
    "responses": ["MEV, or Miner Extractable Value, refers to the profit that can be generated by taking advantage of market inefficiencies or exploiting loopholes in the protocol. This profit can come from various sources, such as front-running, censorship resistance, and others. MEV can have a negative impact on the blockchain network, as it can lead to increased centralization and reduced trust in the system. It is important for blockchain networks to monitor and prevent MEV activities to maintain the integrity of the network."]
    },
    {
    "tag": "Flashbots",
    "patterns": ["What are Flashbots in blockchain?", "What is the purpose of Flashbots?", "How do Flashbots work in blockchain?"],
    "responses": ["Flashbots are a type of software that can be used to automate the process of exploiting MEV opportunities. They work by monitoring the blockchain network for opportunities to generate MEV, and then executing trades on behalf of their users. The purpose of Flashbots is to enable users to maximize their profits by taking advantage of market inefficiencies or exploiting loopholes in the protocol. While Flashbots can provide financial benefits to their users, they can also have negative implications for the blockchain network, by increasing centralization and reducing trust in the system."]
    },
    {
    "tag": "Lightning_Network",
    "patterns": ["What is the Lightning Network?", "How does the Lightning Network work?", "What is the purpose of the Lightning Network?"],
    "responses": ["The Lightning Network is a layer-2 payment protocol built on top of the Bitcoin blockchain. It is designed to provide fast, secure, and low-cost transactions. The Lightning Network operates by creating a network of payment channels between users, allowing them to transact directly with each other without having to broadcast each transaction to the entire network. The purpose of the Lightning Network is to increase the scalability and efficiency of the Bitcoin blockchain, while maintaining its security and decentralization."]
    },
    {
    "tag": "Ethereum_2.0",
    "patterns": ["What is Ethereum 2.0?", "How does Ethereum 2.0 differ from Ethereum 1.0?", "What are the improvements in Ethereum 2.0?"],
    "responses": ["Ethereum 2.0, also known as Serenity, is the next major version of the Ethereum blockchain. It aims to improve upon the existing Ethereum 1.0 in terms of scalability, security, and sustainability. Some of the key differences between Ethereum 1.0 and 2.0 include the use of a Proof-of-Stake consensus mechanism instead of Proof-of-Work, the introduction of shard chains to increase scalability, and improvements to the efficiency of contract execution. The overall goal of Ethereum 2.0 is to provide a faster, more secure, and more efficient platform for decentralized applications and smart contracts."]
    },
    {
    "tag": "Sharding_for_Ethereum",
    "patterns": ["What is sharding for Ethereum?", "How does sharding work in Ethereum?", "What are the benefits of sharding in Ethereum?"],
    "responses": ["Sharding is a scalability solution for Ethereum that aims to improve the processing capacity of the network. The idea behind sharding is to split the Ethereum network into multiple smaller, parallel networks called shards. Each shard operates independently, allowing for a larger number of transactions to be processed simultaneously. This can help to reduce the network congestion and increase the overall efficiency of the network. The benefits of sharding in Ethereum include increased scalability, faster transaction processing times, and lower fees."]
    },
    {
    "tag": "The_Merge",
    "patterns": ["What is The Merge in Ethereum?", "How does The Merge work in Ethereum?", "What are the goals of The Merge in Ethereum?"],
    "responses": ["The Merge refers to the planned integration of Ethereum and Ethereum Classic into a single blockchain. The Merge is aimed at improving the overall security, decentralization, and interoperability of the Ethereum network. The exact details of how The Merge will work are still being developed, but it is expected to involve some form of consensus mechanism that allows the two networks to come to agreement on a shared state. The goals of The Merge include increased security, reduced fragmentation, and a stronger, more unified Ethereum ecosystem."]
    },
    {
    "tag": "Gas_Limit",
    "patterns": ["What is Gas Limit in Ethereum?", "How does Gas Limit work in Ethereum?", "What is the purpose of Gas Limit in Ethereum?"],
    "responses": ["Gas Limit is a variable in the Ethereum network that sets a maximum limit on the amount of computational effort that can be expended in executing a single transaction or smart contract. The purpose of the gas limit is to prevent the network from being congested by excessive computation, which could cause it to become slow or even grind to a halt. The gas limit is adjusted dynamically based on network conditions, with the goal of balancing the need for processing power with the need for network efficiency."]
    },
    {
    "tag": "Gas_Cost",
    "patterns": ["What is Gas Cost in Ethereum?", "How does Gas Cost work in Ethereum?", "What is the purpose of Gas Cost in Ethereum?"],
    "responses": ["Gas Cost is the fee that is paid by users to execute transactions or run smart contracts on the Ethereum network. The gas cost is calculated based on the amount of computational effort required to execute the transaction or smart contract. The purpose of the gas cost is to compensate the network for the resources it expends in processing transactions and to incentivize miners to include transactions in blocks. The gas cost is paid in Ether, and its value is dynamic, fluctuating based on network demand and the supply of computational resources."]
    },
    {
    "tag": "Gwei",
    "patterns": ["What is Gwei in Ethereum?", "How is Gwei used in Ethereum?", "What is the significance of Gwei in Ethereum?"],
    "responses": ["Gwei is a denomination of Ether, the cryptocurrency used in the Ethereum network. 1 Gwei is equal to 0.000000001 Ether. Gwei is used in the Ethereum network as a way to specify the gas cost of transactions and smart contracts. The gas cost is expressed in Gwei, and users can specify the"]},
    {
    "tag": "EIP1559",
    "patterns": ["What is EIP1559 in Ethereum?", "How does EIP1559 work in Ethereum?", "What are the goals of EIP1559 in Ethereum?"],
    "responses": ["EIP1559 is a proposed Ethereum Improvement Proposal (EIP) that aims to improve the efficiency and fairness of the Ethereum network's fee market. EIP1559 introduces a new mechanism for setting gas prices in the Ethereum network that uses a basefee that is adjusted dynamically based on network conditions. The goal of EIP1559 is to reduce volatility and spam in the Ethereum fee market, while also providing a more predictable and consistent user experience."]
    },
    {
    "tag": "ERC20",
    "patterns": ["What is ERC20 in Ethereum?", "What are ERC20 tokens?", "What is the purpose of ERC20 in Ethereum?"],
    "responses": ["ERC20 is a technical standard for Ethereum-based tokens. ERC20 tokens are a type of digital asset that are built on top of the Ethereum blockchain and conform to a set of rules defined by the ERC20 standard. The purpose of the ERC20 standard is to provide a common set of rules and APIs for developers to build interoperable tokens that can be easily traded and used within the Ethereum ecosystem. ERC20 tokens are widely used in decentralized finance (DeFi) applications and initial coin offerings (ICOs)."]
    },
    {
    "tag": "ERC721",
    "patterns": ["What is ERC721 in Ethereum?", "What are ERC721 tokens?", "What is the purpose of ERC721 in Ethereum?"],
    "responses": ["ERC721 is a technical standard for Ethereum-based non-fungible tokens (NFTs). ERC721 tokens are a type of digital asset that are unique and cannot be replicated or divided. Unlike ERC20 tokens, which are fungible and have interchangeable value, ERC721 tokens represent unique assets such as collectibles, artwork, or virtual real estate. The purpose of the ERC721 standard is to provide a common set of rules and APIs for developers to build interoperable NFTs that can be easily traded and used within the Ethereum ecosystem."]
    },
    {
    "tag": "Tokenomics",
    "patterns": ["What is Tokenomics?", "What is the study of Tokenomics?", "What are the key concepts of Tokenomics?"],
    "responses": ["Tokenomics is the study of the economics of tokens within decentralized systems, particularly blockchain networks. Tokenomics is concerned with the design and analysis of the incentives and economic systems underlying blockchain protocols and the tokens that are used in these systems. Key concepts in Tokenomics include token distribution, token supply, token utility, token incentives, token velocity, and token governance."]
    },
    {
    "tag": "Layer 2",
    "patterns": ["What is Layer 2 in blockchain?", "What are Layer 2 solutions?", "What is the purpose of Layer 2 in blockchain?"],
    "responses": ["Layer 2 refers to solutions that are built on top of existing blockchain infrastructure to improve scalability, security, and privacy. Layer 2 solutions operate within the context of the underlying blockchain network, but they handle transactions and other data off-chain, reducing the load on the main blockchain network. The purpose of Layer 2 solutions is to provide a more efficient and cost-effective way of handling transactions, while maintaining the security and decentralization of the underlying blockchain network."]
    },
    {
    "tag": "ZKRollups",
    "patterns": ["What are ZKRollups in blockchain?", "How do ZKRollups work in blockchain?", "What is the purpose of ZKRollups in blockchain?"],
    "responses": ["ZKRollups are a type of Layer 2 scaling solution for blockchain networks. ZKRollups use zero-knowledge proofs to bundle many transactions off-chain and then post a single, encrypted, and validated representation of those transactions on-chain. This reduces the amount of data that needs to be stored on-chain, while maintaining the security and decentralization of the underlying blockchain network. The purpose of ZKRollups is to provide a scalable, secure, and efficient way of handling transactions while maintaining the integrity of the underlying blockchain network."]
    },
    {
    "tag": "Optimistic Rollups",
    "patterns": ["What are Optimistic Rollups in blockchain?", "How do Optimistic Rollups work in blockchain?", "What is the purpose of Optimistic Rollups in blockchain?"],
    "responses": ["Optimistic Rollups are a type of Layer 2 scaling solution for blockchain networks. Optimistic Rollups bundle many transactions off-chain and then post a single, validated representation of those transactions on-chain. The off-chain transactions are executed in a parallel network, and the on-chain representation serves as a proof of the validity of the off-chain transactions. The purpose of Optimistic Rollups is to provide a scalable, secure, and efficient way of handling transactions while maintaining the integrity of the underlying blockchain network."]
    },
    {
    "tag": "ZKRollups vs Optimistic Rollups",
    "patterns": ["What is the difference between ZKRollups and Optimistic Rollups?", "How are ZKRollups and Optimistic Rollups different?", "What distinguishes ZKRollups from Optimistic Rollups?"],
    "responses": ["The main difference between ZKRollups and Optimistic Rollups is the method they use to ensure the security and integrity of off-chain transactions. ZKRollups use zero-knowledge proofs to prove the validity of off-chain transactions, while Optimistic Rollups use an optimistic consensus mechanism that assumes the validity of off-chain transactions until proven otherwise. Both ZKRollups and Optimistic Rollups aim to provide a scalable, secure, and efficient way of handling transactions, but ZKRollups offer stronger security guarantees, while Optimistic Rollups offer higher performance and scalability."]
    },
    {
    "tag": "DeFi",
    "patterns": ["What is DeFi in blockchain?", "What is the purpose of DeFi in blockchain?", "What are DeFi applications in blockchain?"],
    "responses": ["DeFi stands for Decentralized Finance, which refers to a growing movement to use blockchain technology to create new financial applications and services that are open, transparent, and accessible to everyone. DeFi applications use smart contracts and decentralized networks to automate and secure financial transactions, enabling new forms of lending, borrowing, trading, and insurance. The purpose of DeFi is to create an open, fair, and inclusive financial system that is not controlled by a single entity, but by a decentralized network of participants."]
    },
    {
    "tag": "Yield Farming",
    "patterns": ["What is Yield Farming in blockchain?", "What is the purpose of Yield Farming in blockchain?", "What are Yield Farming applications in blockchain?"],
    "responses": ["Yield Farming is a term used in the DeFi space to refer to a type of investment strategy where investors deposit their assets into liquidity pools in exchange for rewards. Yield Farming pools often use algorithmic yield engines to maximize the return on investment, using strategies such as flash loans, lending, and borrowing, to take advantage of market inefficiencies. The purpose of Yield Farming is to allow investors to earn high returns on their investments, while also providing liquidity to decentralized exchanges and other DeFi applications."]
    },
    {
    "tag": "Liquidity Provider",
    "patterns": ["What is a Liquidity Provider in blockchain?", "What is the purpose of a Liquidity Provider in blockchain?", "What are the responsibilities of a Liquidity Provider in blockchain?"],
    "responses": ["A Liquidity Provider is an individual or entity that provides liquidity to a market, such as a decentralized exchange. Liquidity Providers deposit their assets into a liquidity pool, which helps to ensure that there are enough funds available to execute trades on the exchange. The purpose of a Liquidity Provider is to make markets more efficient by reducing the spread between bid and ask prices, and to earn rewards for providing liquidity. The responsibilities of a Liquidity Provider include monitoring market conditions, adjusting their position as needed, and ensuring that the liquidity pool has sufficient funds to execute trades."]
    },
    {
    "tag": "LP Tokens",
    "patterns": ["What are LP Tokens in blockchain?", "What is the purpose of LP Tokens in blockchain?", "What are the benefits of LP Tokens in blockchain?"],
    "responses": ["LP Tokens are tokens that represent a share in a liquidity pool. LP Tokens are often used in DeFi applications to incentivize Liquidity Providers to provide liquidity to a market. The purpose of LP Tokens is to provide Liquidity Providers with a way to earn rewards for their contributions to a market, and to create a more efficient and secure market. The benefits of LP Tokens include higher returns, lower volatility, and more transparent market conditions, as well as the ability to participate in governance decisions and other benefits offered by the DeFi application."]
    },
    {
    "tag": "51% Attack",
    "patterns": ["What is a 51% attack in blockchain?", "What is the impact of a 51% attack in blockchain?", "How does a 51% attack occur in blockchain?"],
    "responses": ["A 51% attack is a type of attack that occurs when a single entity or a group of entities control more than 51% of the computing power on a blockchain network. This allows the attackers to manipulate the network by controlling the majority of the network's hash rate, enabling them to reverse transactions, double-spend coins, and prevent new transactions from being confirmed. The impact of a 51% attack can be severe, as it undermines the integrity of the blockchain and the confidence of its users. A 51% attack can occur due to centralization of the network's hash rate, where a single entity controls a large portion of the network's mining power, or due to a combination of factors such as compromised nodes or rented hash power."]
    },
    {
    "tag": "Vampire Attack",
    "patterns": ["What is a Vampire Attack in blockchain?", "What is the impact of a Vampire Attack in blockchain?", "How does a Vampire Attack occur in blockchain?"],
    "responses": ["A Vampire Attack is a type of attack that occurs on DeFi platforms where a malicious actor drains liquidity from a pool by repeatedly withdrawing and depositing assets. The impact of a Vampire Attack is that it can lead to reduced liquidity, higher slippage, and increased volatility for the affected pool, as well as potential losses for liquidity providers. A Vampire Attack can occur due to a vulnerability in the smart contract code that allows an attacker to manipulate the calculations of the pool's balance and rewards, or due to a lack of rate limiting or anti-spam measures in the contract."]
    },
    {
    "tag": "Reentrancy Attack",
    "patterns": ["What is a Reentrancy Attack in blockchain?", "What is the impact of a Reentrancy Attack in blockchain?", "How does a Reentrancy Attack occur in blockchain?"],
    "responses": ["A Reentrancy Attack is a type of attack that occurs in smart contracts where an attacker is able to repeatedly call the same contract, before it has finished executing, in order to drain its resources or steal assets. The impact of a Reentrancy Attack can be significant, as it can allow an attacker to steal assets from the contract, or to exhaust its resources and make it unavailable to other users. A Reentrancy Attack occurs due to a vulnerability in the smart contract code, where the contract allows an attacker to repeatedly call its functions before it has finished executing its previous call."]
    },
    {
    "tag": "Oracle Attack",
    "patterns": ["What is an Oracle Attack in blockchain?", "What is the impact of an Oracle Attack in blockchain?", "How does an Oracle Attack occur in blockchain?"],
    "responses": ["An Oracle Attack is a type of attack that occurs in smart contracts that rely on external data, such as price feeds or other information, to function. An attacker can manipulate the data provided by the oracle to trick the contract into executing a malicious action. The impact of an Oracle Attack can be severe, as it can allow an attacker to steal assets, manipulate markets, or cause other harm to the contract or its users. An Oracle Attack can occur due to a vulnerability in the oracle's code or infrastructure, or due to a lack of security measures to protect against data manipulation or tampering"]},
    {
    "tag": "Oracles",
    "patterns": ["What is an Oracle in blockchain?", "What is the role of an Oracle in blockchain?", "How does an Oracle work in blockchain?"],
    "responses": ["An Oracle is a type of service that provides external data to a blockchain network, enabling smart contracts to access information from outside the network. The role of an Oracle is to bridge the gap between the decentralized blockchain network and the centralized world, allowing smart contracts to access information such as prices, events, and other data. An Oracle works by listening for events or data on the external network and then transmitting that data to the blockchain network in a secure and reliable manner, usually through the use of APIs or other methods. It is important to note that the security and reliability of an Oracle can impact the security and reliability of the entire blockchain network, so it is crucial to choose a trusted and secure Oracle provider."]
    },
    {
    "tag": "Bridges",
    "patterns": ["What is a Bridge in blockchain?", "What is the role of a Bridge in blockchain?", "How does a Bridge work in blockchain?"],
    "responses": ["A Bridge is a type of service that enables interoperability between different blockchain networks, allowing assets and data to be transferred from one network to another. The role of a Bridge is to provide a secure and reliable connection between different blockchain networks, allowing assets to be moved from one network to another. A Bridge works by connecting the two networks at the protocol level and implementing the necessary security and reliability measures to ensure the seamless transfer of assets and data. Bridges can be implemented using various techniques, such as atomic swaps, relays, or other methods, and they are important for enabling the interoperability and interconnectivity of different blockchain networks."]
    },
    {
    "tag": "Pool",
    "patterns": ["What is a Pool in blockchain?", "What is the role of a Pool in blockchain?", "How does a Pool work in blockchain?"],
    "responses": ["A Pool is a group of nodes that work together to validate transactions and secure a blockchain network. The role of a Pool is to increase the network's overall hash rate and improve its security, as well as to provide a more stable and reliable source of rewards for its members. A Pool works by pooling together the computing power of its members, allowing them to increase their chances of finding new blocks and earning rewards. Members of the pool receive rewards proportional to their contribution to the pool's overall hash rate. Pools can be public or private, and they can be implemented using various consensus algorithms, such as Proof of Work (PoW) or Proof of Stake (PoS)."]
    },
    {
    "tag": "DEX",
    "patterns": ["What is a DEX in blockchain?", "What is the role of a DEX in blockchain?", "How does a DEX work in blockchain?"],
    "responses": ["A DEX, or Decentralized Exchange, is a type of exchange that operates on a blockchain network, allowing users to trade assets without the need for a central authority or intermediary. The role of a DEX is to provide a secure and trustless platform for trading assets, enabling users to trade without having to rely on a central party to hold their assets. A DEX works by using smart contracts to facilitate trades between users, with the transactions being executed and settled directly on the blockchain network. DEXs can be implemented using various technologies, such as order books, automated market makers, or other methods, and they"]},
    {
    "tag": "Impermanent Loss",
    "patterns": ["What is impermanent loss in DeFi?", "What causes impermanent loss in DeFi?", "What is the impact of impermanent loss on DeFi?"],
    "responses": ["Impermanent loss is a phenomenon that occurs when trading liquidity in an Automated Market Maker (AMM) platform, where the value of the assets that a trader holds in the pool can decrease due to changes in the price of the underlying assets. It is caused by the difference in price between the assets held in the pool and the assets being traded. The impact of impermanent loss can be significant, as it can result in a reduction of the value of the assets held in the pool.", "It is an issue in DeFi because it reduces the value of the assets held in the pool, and it can also discourage traders from providing liquidity to the pool.", "Therefore, it is important to consider the potential for impermanent loss when trading liquidity in an AMM platform, and to weigh the potential rewards against the potential risks."]
    },
    
    {
    "tag": "Bounding Curve",
    "patterns": ["What is a bounding curve in DeFi?", "What does a bounding curve do in DeFi?", "How does a bounding curve work in DeFi?"],
    "responses": ["A bounding curve is a mathematical formula that is used in Automated Market Maker (AMM) platforms to limit the impact of impermanent loss. It defines the maximum price deviation that can occur between the assets held in the pool and the assets being traded, and it helps to prevent extreme price swings that can result in significant losses. Bounding curves can be used to set a floor and a ceiling for the price of the assets held in the pool, which helps to ensure that the assets are never worth less than a certain minimum value.", "By limiting the price deviation between the assets held in the pool and the assets being traded, a bounding curve helps to minimize the potential for impermanent loss in DeFi.", "The bounding curve is typically implemented as a mathematical formula that is used to adjust the price of the assets held in the pool in real-time, based on the current market conditions."]
    },
    
    {
    "tag": "Airdrop",
    "patterns": ["What is an Airdrop in blockchain?", "How does an Airdrop work in blockchain?", "What is the purpose of an Airdrop in blockchain?"],
    "responses": ["An Airdrop is a marketing campaign where blockchain-based assets such as tokens or coins are distributed for free to a large number of users. This is typically done to raise awareness about the project and increase its community of users. An Airdrop can be a one-time event or a recurring event that takes place over a period of time.", "To participate in an airdrop, users typically need to complete specific actions such as following the project's social media accounts, joining its Telegram group, or referring friends to the project. Once these actions have been completed, the assets are usually credited to the users' blockchain wallets.", "The purpose of an airdrop is to increase the visibility and adoption of the project, and to build a strong and engaged community of users who are invested in the project's success."]
    },
    {
    "tag": "AMM_vs_Order_Book",
    "patterns": [
    "What is the difference between AMM and Order book?",
    "AMM vs Order book, which one is better?",
    "How do AMM and Order book differ?"
    ],
    "responses": [
    "AMM (Automated Market Maker) and Order book are two different methods of executing trades on a decentralized exchange (DEX). AMM operates on a mathematical formula and pools liquidity, whereas order book-based DEX operates with individual orders, which match buyers and sellers based on price.",
    "AMMs provide a more streamlined and user-friendly experience but may have lower liquidity compared to order book DEXs. Order book DEXs have higher liquidity and better price discovery, but may have longer wait times for trades to fill and a steeper learning curve for new users.",
    "Ultimately, both methods have their strengths and weaknesses and it depends on the individual's trading needs and preferences to decide which one is better for them."
    ]
    }
]
}